!!!SBtab CalculationTime='2073.2433'								
!!SBtab Document='e_coli_davidi_2016' TableName='Reaction' TableType='Reaction' SBtabVersion='1.0' Date='2019-06-11'								
!ID	!ReactionFormula	!Name	!NameForPlots	!Identifiers:kegg.reaction	!IsReversible	!Gene	!KineticLaw:Name	!KineticLaw:Formula
PTS_RPTSsy	D_Glucose + Phosphoenolpyruvate <=> Pyruvate + D_Glucose_6_phosphate	PTS_RPTSsy	pts	RPTSsy	True	PTS	Common saturable (CM)	u_R1 * ( kC_R1 * sqrt( kEQ_R1  * kM_R1_D_Glucose * kM_R1_Phosphoenolpyruvate / kM_R1_Pyruvate / kM_R1_D_Glucose_6_phosphate ) * ( D_Glucose / kM_R1_D_Glucose ) * ( Phosphoenolpyruvate / kM_R1_Phosphoenolpyruvate ) - kC_R1 / sqrt( kEQ_R1  * kM_R1_D_Glucose * kM_R1_Phosphoenolpyruvate / kM_R1_Pyruvate / kM_R1_D_Glucose_6_phosphate ) * ( Pyruvate / kM_R1_Pyruvate ) * ( D_Glucose_6_phosphate / kM_R1_D_Glucose_6_phosphate ) ) / ( ( 1 + D_Glucose / kM_R1_D_Glucose ) * ( 1 + Phosphoenolpyruvate / kM_R1_Phosphoenolpyruvate ) + ( 1 + Pyruvate / kM_R1_Pyruvate ) * ( 1 + D_Glucose_6_phosphate / kM_R1_D_Glucose_6_phosphate ) - 1 )
PGI_R02740	D_Glucose_6_phosphate <=> D_Fructose_6_phosphate	PGI_R02740	pgi	R02740	True	PGI	Common saturable (CM)	u_R2 * ( kC_R2 * sqrt( kEQ_R2  * kM_R2_D_Glucose_6_phosphate / kM_R2_D_Fructose_6_phosphate ) * ( D_Glucose_6_phosphate / kM_R2_D_Glucose_6_phosphate ) - kC_R2 / sqrt( kEQ_R2  * kM_R2_D_Glucose_6_phosphate / kM_R2_D_Fructose_6_phosphate ) * ( D_Fructose_6_phosphate / kM_R2_D_Fructose_6_phosphate ) ) / ( ( 1 + D_Glucose_6_phosphate / kM_R2_D_Glucose_6_phosphate ) + ( 1 + D_Fructose_6_phosphate / kM_R2_D_Fructose_6_phosphate ) - 1 )
PFK_R04779	ATP + D_Fructose_6_phosphate <=> ADP + D_Fructose_1_6_bisphosphate	PFK_R04779	pfk	R04779	True	PFK	Common saturable (CM)	u_R3 * ( kC_R3 * sqrt( kEQ_R3  * kM_R3_ATP * kM_R3_D_Fructose_6_phosphate / kM_R3_ADP / kM_R3_D_Fructose_1_6_bisphosphate ) * ( ATP / kM_R3_ATP ) * ( D_Fructose_6_phosphate / kM_R3_D_Fructose_6_phosphate ) - kC_R3 / sqrt( kEQ_R3  * kM_R3_ATP * kM_R3_D_Fructose_6_phosphate / kM_R3_ADP / kM_R3_D_Fructose_1_6_bisphosphate ) * ( ADP / kM_R3_ADP ) * ( D_Fructose_1_6_bisphosphate / kM_R3_D_Fructose_1_6_bisphosphate ) ) / ( ( 1 + ATP / kM_R3_ATP ) * ( 1 + D_Fructose_6_phosphate / kM_R3_D_Fructose_6_phosphate ) + ( 1 + ADP / kM_R3_ADP ) * ( 1 + D_Fructose_1_6_bisphosphate / kM_R3_D_Fructose_1_6_bisphosphate ) - 1 )
ALD_R01070	D_Fructose_1_6_bisphosphate <=> Glycerone_phosphate + D_Glyceraldehyde_3_phosphate	ALD_R01070	fba	R01070	True	FBA	Common saturable (CM)	u_R4 * ( kC_R4 * sqrt( kEQ_R4  * kM_R4_D_Fructose_1_6_bisphosphate / kM_R4_Glycerone_phosphate / kM_R4_D_Glyceraldehyde_3_phosphate ) * ( D_Fructose_1_6_bisphosphate / kM_R4_D_Fructose_1_6_bisphosphate ) - kC_R4 / sqrt( kEQ_R4  * kM_R4_D_Fructose_1_6_bisphosphate / kM_R4_Glycerone_phosphate / kM_R4_D_Glyceraldehyde_3_phosphate ) * ( Glycerone_phosphate / kM_R4_Glycerone_phosphate ) * ( D_Glyceraldehyde_3_phosphate / kM_R4_D_Glyceraldehyde_3_phosphate ) ) / ( ( 1 + D_Fructose_1_6_bisphosphate / kM_R4_D_Fructose_1_6_bisphosphate ) + ( 1 + Glycerone_phosphate / kM_R4_Glycerone_phosphate ) * ( 1 + D_Glyceraldehyde_3_phosphate / kM_R4_D_Glyceraldehyde_3_phosphate ) - 1 )
TIM_R01015	Glycerone_phosphate <=> D_Glyceraldehyde_3_phosphate	TIM_R01015	tpi	R01015	True	TPI	Common saturable (CM)	u_R5 * ( kC_R5 * sqrt( kEQ_R5  * kM_R5_Glycerone_phosphate / kM_R5_D_Glyceraldehyde_3_phosphate ) * ( Glycerone_phosphate / kM_R5_Glycerone_phosphate ) - kC_R5 / sqrt( kEQ_R5  * kM_R5_Glycerone_phosphate / kM_R5_D_Glyceraldehyde_3_phosphate ) * ( D_Glyceraldehyde_3_phosphate / kM_R5_D_Glyceraldehyde_3_phosphate ) ) / ( ( 1 + Glycerone_phosphate / kM_R5_Glycerone_phosphate ) + ( 1 + D_Glyceraldehyde_3_phosphate / kM_R5_D_Glyceraldehyde_3_phosphate ) - 1 )
GAP_R01061	Orthophosphate + NADplus + D_Glyceraldehyde_3_phosphate <=> NADH + _3_Phospho_D_glyceroyl_phosphate	GAP_R01061	gap	R01061	True	GAP	Common saturable (CM)	u_R6 * ( kC_R6 * sqrt( kEQ_R6  * kM_R6_Orthophosphate * kM_R6_NADplus * kM_R6_D_Glyceraldehyde_3_phosphate / kM_R6_NADH / kM_R6__3_Phospho_D_glyceroyl_phosphate ) * ( Orthophosphate / kM_R6_Orthophosphate ) * ( NADplus / kM_R6_NADplus ) * ( D_Glyceraldehyde_3_phosphate / kM_R6_D_Glyceraldehyde_3_phosphate ) - kC_R6 / sqrt( kEQ_R6  * kM_R6_Orthophosphate * kM_R6_NADplus * kM_R6_D_Glyceraldehyde_3_phosphate / kM_R6_NADH / kM_R6__3_Phospho_D_glyceroyl_phosphate ) * ( NADH / kM_R6_NADH ) * ( _3_Phospho_D_glyceroyl_phosphate / kM_R6__3_Phospho_D_glyceroyl_phosphate ) ) / ( ( 1 + Orthophosphate / kM_R6_Orthophosphate ) * ( 1 + NADplus / kM_R6_NADplus ) * ( 1 + D_Glyceraldehyde_3_phosphate / kM_R6_D_Glyceraldehyde_3_phosphate ) + ( 1 + NADH / kM_R6_NADH ) * ( 1 + _3_Phospho_D_glyceroyl_phosphate / kM_R6__3_Phospho_D_glyceroyl_phosphate ) - 1 )
PGK_R01512	ADP + _3_Phospho_D_glyceroyl_phosphate <=> ATP + _3_Phospho_D_glycerate	PGK_R01512	pgk	R01512	True	PGK	Common saturable (CM)	u_R7 * ( kC_R7 * sqrt( kEQ_R7  * kM_R7_ADP * kM_R7__3_Phospho_D_glyceroyl_phosphate / kM_R7_ATP / kM_R7__3_Phospho_D_glycerate ) * ( ADP / kM_R7_ADP ) * ( _3_Phospho_D_glyceroyl_phosphate / kM_R7__3_Phospho_D_glyceroyl_phosphate ) - kC_R7 / sqrt( kEQ_R7  * kM_R7_ADP * kM_R7__3_Phospho_D_glyceroyl_phosphate / kM_R7_ATP / kM_R7__3_Phospho_D_glycerate ) * ( ATP / kM_R7_ATP ) * ( _3_Phospho_D_glycerate / kM_R7__3_Phospho_D_glycerate ) ) / ( ( 1 + ADP / kM_R7_ADP ) * ( 1 + _3_Phospho_D_glyceroyl_phosphate / kM_R7__3_Phospho_D_glyceroyl_phosphate ) + ( 1 + ATP / kM_R7_ATP ) * ( 1 + _3_Phospho_D_glycerate / kM_R7__3_Phospho_D_glycerate ) - 1 )
PGM_R01518	_3_Phospho_D_glycerate <=> _2_Phospho_D_glycerate	PGM_R01518	gpm	R01518	True	GPM	Common saturable (CM)	u_R8 * ( kC_R8 * sqrt( kEQ_R8  * kM_R8__3_Phospho_D_glycerate / kM_R8__2_Phospho_D_glycerate ) * ( _3_Phospho_D_glycerate / kM_R8__3_Phospho_D_glycerate ) - kC_R8 / sqrt( kEQ_R8  * kM_R8__3_Phospho_D_glycerate / kM_R8__2_Phospho_D_glycerate ) * ( _2_Phospho_D_glycerate / kM_R8__2_Phospho_D_glycerate ) ) / ( ( 1 + _3_Phospho_D_glycerate / kM_R8__3_Phospho_D_glycerate ) + ( 1 + _2_Phospho_D_glycerate / kM_R8__2_Phospho_D_glycerate ) - 1 )
PGH_R00658	_2_Phospho_D_glycerate <=> Phosphoenolpyruvate	PGH_R00658	eno	R00658	True	ENO	Common saturable (CM)	u_R9 * ( kC_R9 * sqrt( kEQ_R9  * kM_R9__2_Phospho_D_glycerate / kM_R9_Phosphoenolpyruvate ) * ( _2_Phospho_D_glycerate / kM_R9__2_Phospho_D_glycerate ) - kC_R9 / sqrt( kEQ_R9  * kM_R9__2_Phospho_D_glycerate / kM_R9_Phosphoenolpyruvate ) * ( Phosphoenolpyruvate / kM_R9_Phosphoenolpyruvate ) ) / ( ( 1 + _2_Phospho_D_glycerate / kM_R9__2_Phospho_D_glycerate ) + ( 1 + Phosphoenolpyruvate / kM_R9_Phosphoenolpyruvate ) - 1 )
PYK_R00200	ADP + Phosphoenolpyruvate <=> Pyruvate + ATP	PYK_R00200	pyk	R00200	True	PYK	Common saturable (CM)	u_R10 * ( kC_R10 * sqrt( kEQ_R10  * kM_R10_ADP * kM_R10_Phosphoenolpyruvate / kM_R10_Pyruvate / kM_R10_ATP ) * ( ADP / kM_R10_ADP ) * ( Phosphoenolpyruvate / kM_R10_Phosphoenolpyruvate ) - kC_R10 / sqrt( kEQ_R10  * kM_R10_ADP * kM_R10_Phosphoenolpyruvate / kM_R10_Pyruvate / kM_R10_ATP ) * ( Pyruvate / kM_R10_Pyruvate ) * ( ATP / kM_R10_ATP ) ) / ( ( 1 + ADP / kM_R10_ADP ) * ( 1 + Phosphoenolpyruvate / kM_R10_Phosphoenolpyruvate ) + ( 1 + Pyruvate / kM_R10_Pyruvate ) * ( 1 + ATP / kM_R10_ATP ) - 1 )
PDH_R00209	Pyruvate + NADplus + CoA <=> Acetyl_CoA + NADH + CO2	PDH_R00209	pdh	R00209	True	PDH	Common saturable (CM)	u_R11 * ( kC_R11 * sqrt( kEQ_R11  * kM_R11_Pyruvate * kM_R11_NADplus * kM_R11_CoA / kM_R11_Acetyl_CoA / kM_R11_NADH / kM_R11_CO2 ) * ( Pyruvate / kM_R11_Pyruvate ) * ( NADplus / kM_R11_NADplus ) * ( CoA / kM_R11_CoA ) - kC_R11 / sqrt( kEQ_R11  * kM_R11_Pyruvate * kM_R11_NADplus * kM_R11_CoA / kM_R11_Acetyl_CoA / kM_R11_NADH / kM_R11_CO2 ) * ( Acetyl_CoA / kM_R11_Acetyl_CoA ) * ( NADH / kM_R11_NADH ) * ( CO2 / kM_R11_CO2 ) ) / ( ( 1 + Pyruvate / kM_R11_Pyruvate ) * ( 1 + NADplus / kM_R11_NADplus ) * ( 1 + CoA / kM_R11_CoA ) + ( 1 + Acetyl_CoA / kM_R11_Acetyl_CoA ) * ( 1 + NADH / kM_R11_NADH ) * ( 1 + CO2 / kM_R11_CO2 ) - 1 )
ZWF_R00835	NADPplus + D_Glucose_6_phosphate <=> NADPH + D_Glucono_1_5_lactone_6_phosphate	ZWF_R00835	zwf	R00835	True	ZWF	Common saturable (CM)	u_R12 * ( kC_R12 * sqrt( kEQ_R12  * kM_R12_NADPplus * kM_R12_D_Glucose_6_phosphate / kM_R12_NADPH / kM_R12_D_Glucono_1_5_lactone_6_phosphate ) * ( NADPplus / kM_R12_NADPplus ) * ( D_Glucose_6_phosphate / kM_R12_D_Glucose_6_phosphate ) - kC_R12 / sqrt( kEQ_R12  * kM_R12_NADPplus * kM_R12_D_Glucose_6_phosphate / kM_R12_NADPH / kM_R12_D_Glucono_1_5_lactone_6_phosphate ) * ( NADPH / kM_R12_NADPH ) * ( D_Glucono_1_5_lactone_6_phosphate / kM_R12_D_Glucono_1_5_lactone_6_phosphate ) ) / ( ( 1 + NADPplus / kM_R12_NADPplus ) * ( 1 + D_Glucose_6_phosphate / kM_R12_D_Glucose_6_phosphate ) + ( 1 + NADPH / kM_R12_NADPH ) * ( 1 + D_Glucono_1_5_lactone_6_phosphate / kM_R12_D_Glucono_1_5_lactone_6_phosphate ) - 1 )
GLH_R02035	D_Glucono_1_5_lactone_6_phosphate <=> _6_Phospho_D_gluconate	GLH_R02035	pgl	R02035	True	PGL	Common saturable (CM)	u_R13 * ( kC_R13 * sqrt( kEQ_R13  * kM_R13_D_Glucono_1_5_lactone_6_phosphate / kM_R13__6_Phospho_D_gluconate ) * ( D_Glucono_1_5_lactone_6_phosphate / kM_R13_D_Glucono_1_5_lactone_6_phosphate ) - kC_R13 / sqrt( kEQ_R13  * kM_R13_D_Glucono_1_5_lactone_6_phosphate / kM_R13__6_Phospho_D_gluconate ) * ( _6_Phospho_D_gluconate / kM_R13__6_Phospho_D_gluconate ) ) / ( ( 1 + D_Glucono_1_5_lactone_6_phosphate / kM_R13_D_Glucono_1_5_lactone_6_phosphate ) + ( 1 + _6_Phospho_D_gluconate / kM_R13__6_Phospho_D_gluconate ) - 1 )
PGD_R01528	_6_Phospho_D_gluconate + NADPplus <=> NADPH + D_Ribulose_5_phosphate + CO2	PGD_R01528	gnd	R01528	True	GND	Common saturable (CM)	u_R14 * ( kC_R14 * sqrt( kEQ_R14  * kM_R14__6_Phospho_D_gluconate * kM_R14_NADPplus / kM_R14_NADPH / kM_R14_D_Ribulose_5_phosphate / kM_R14_CO2 ) * ( _6_Phospho_D_gluconate / kM_R14__6_Phospho_D_gluconate ) * ( NADPplus / kM_R14_NADPplus ) - kC_R14 / sqrt( kEQ_R14  * kM_R14__6_Phospho_D_gluconate * kM_R14_NADPplus / kM_R14_NADPH / kM_R14_D_Ribulose_5_phosphate / kM_R14_CO2 ) * ( NADPH / kM_R14_NADPH ) * ( D_Ribulose_5_phosphate / kM_R14_D_Ribulose_5_phosphate ) * ( CO2 / kM_R14_CO2 ) ) / ( ( 1 + _6_Phospho_D_gluconate / kM_R14__6_Phospho_D_gluconate ) * ( 1 + NADPplus / kM_R14_NADPplus ) + ( 1 + NADPH / kM_R14_NADPH ) * ( 1 + D_Ribulose_5_phosphate / kM_R14_D_Ribulose_5_phosphate ) * ( 1 + CO2 / kM_R14_CO2 ) - 1 )
RPI_R01056	D_Ribulose_5_phosphate <=> D_Ribose_5_phosphate	RPI_R01056	rpi	R01056	True	RPI	Common saturable (CM)	u_R15 * ( kC_R15 * sqrt( kEQ_R15  * kM_R15_D_Ribulose_5_phosphate / kM_R15_D_Ribose_5_phosphate ) * ( D_Ribulose_5_phosphate / kM_R15_D_Ribulose_5_phosphate ) - kC_R15 / sqrt( kEQ_R15  * kM_R15_D_Ribulose_5_phosphate / kM_R15_D_Ribose_5_phosphate ) * ( D_Ribose_5_phosphate / kM_R15_D_Ribose_5_phosphate ) ) / ( ( 1 + D_Ribulose_5_phosphate / kM_R15_D_Ribulose_5_phosphate ) + ( 1 + D_Ribose_5_phosphate / kM_R15_D_Ribose_5_phosphate ) - 1 )
RPE_R01529	D_Ribulose_5_phosphate <=> D_Xylulose_5_phosphate	RPE_R01529	rpe	R01529	True	RPE	Common saturable (CM)	u_R16 * ( kC_R16 * sqrt( kEQ_R16  * kM_R16_D_Ribulose_5_phosphate / kM_R16_D_Xylulose_5_phosphate ) * ( D_Ribulose_5_phosphate / kM_R16_D_Ribulose_5_phosphate ) - kC_R16 / sqrt( kEQ_R16  * kM_R16_D_Ribulose_5_phosphate / kM_R16_D_Xylulose_5_phosphate ) * ( D_Xylulose_5_phosphate / kM_R16_D_Xylulose_5_phosphate ) ) / ( ( 1 + D_Ribulose_5_phosphate / kM_R16_D_Ribulose_5_phosphate ) + ( 1 + D_Xylulose_5_phosphate / kM_R16_D_Xylulose_5_phosphate ) - 1 )
TXT_R01641	D_Xylulose_5_phosphate + D_Ribose_5_phosphate <=> D_Glyceraldehyde_3_phosphate + Sedoheptulose_7_phosphate	TXT_R01641	tkt1	R01641	True	TKT1	Common saturable (CM)	u_R17 * ( kC_R17 * sqrt( kEQ_R17  * kM_R17_D_Xylulose_5_phosphate * kM_R17_D_Ribose_5_phosphate / kM_R17_D_Glyceraldehyde_3_phosphate / kM_R17_Sedoheptulose_7_phosphate ) * ( D_Xylulose_5_phosphate / kM_R17_D_Xylulose_5_phosphate ) * ( D_Ribose_5_phosphate / kM_R17_D_Ribose_5_phosphate ) - kC_R17 / sqrt( kEQ_R17  * kM_R17_D_Xylulose_5_phosphate * kM_R17_D_Ribose_5_phosphate / kM_R17_D_Glyceraldehyde_3_phosphate / kM_R17_Sedoheptulose_7_phosphate ) * ( D_Glyceraldehyde_3_phosphate / kM_R17_D_Glyceraldehyde_3_phosphate ) * ( Sedoheptulose_7_phosphate / kM_R17_Sedoheptulose_7_phosphate ) ) / ( ( 1 + D_Xylulose_5_phosphate / kM_R17_D_Xylulose_5_phosphate ) * ( 1 + D_Ribose_5_phosphate / kM_R17_D_Ribose_5_phosphate ) + ( 1 + D_Glyceraldehyde_3_phosphate / kM_R17_D_Glyceraldehyde_3_phosphate ) * ( 1 + Sedoheptulose_7_phosphate / kM_R17_Sedoheptulose_7_phosphate ) - 1 )
TAL_R08575	D_Glyceraldehyde_3_phosphate + Sedoheptulose_7_phosphate <=> D_Erythrose_4_phosphate + D_Fructose_6_phosphate	TAL_R08575	tal	R08575	True	TAL	Common saturable (CM)	u_R18 * ( kC_R18 * sqrt( kEQ_R18  * kM_R18_D_Glyceraldehyde_3_phosphate * kM_R18_Sedoheptulose_7_phosphate / kM_R18_D_Erythrose_4_phosphate / kM_R18_D_Fructose_6_phosphate ) * ( D_Glyceraldehyde_3_phosphate / kM_R18_D_Glyceraldehyde_3_phosphate ) * ( Sedoheptulose_7_phosphate / kM_R18_Sedoheptulose_7_phosphate ) - kC_R18 / sqrt( kEQ_R18  * kM_R18_D_Glyceraldehyde_3_phosphate * kM_R18_Sedoheptulose_7_phosphate / kM_R18_D_Erythrose_4_phosphate / kM_R18_D_Fructose_6_phosphate ) * ( D_Erythrose_4_phosphate / kM_R18_D_Erythrose_4_phosphate ) * ( D_Fructose_6_phosphate / kM_R18_D_Fructose_6_phosphate ) ) / ( ( 1 + D_Glyceraldehyde_3_phosphate / kM_R18_D_Glyceraldehyde_3_phosphate ) * ( 1 + Sedoheptulose_7_phosphate / kM_R18_Sedoheptulose_7_phosphate ) + ( 1 + D_Erythrose_4_phosphate / kM_R18_D_Erythrose_4_phosphate ) * ( 1 + D_Fructose_6_phosphate / kM_R18_D_Fructose_6_phosphate ) - 1 )
TXT_R01067	D_Erythrose_4_phosphate + D_Xylulose_5_phosphate <=> D_Glyceraldehyde_3_phosphate + D_Fructose_6_phosphate	TXT_R01067	tkt2	R01067	True	TKT2	Common saturable (CM)	u_R19 * ( kC_R19 * sqrt( kEQ_R19  * kM_R19_D_Erythrose_4_phosphate * kM_R19_D_Xylulose_5_phosphate / kM_R19_D_Glyceraldehyde_3_phosphate / kM_R19_D_Fructose_6_phosphate ) * ( D_Erythrose_4_phosphate / kM_R19_D_Erythrose_4_phosphate ) * ( D_Xylulose_5_phosphate / kM_R19_D_Xylulose_5_phosphate ) - kC_R19 / sqrt( kEQ_R19  * kM_R19_D_Erythrose_4_phosphate * kM_R19_D_Xylulose_5_phosphate / kM_R19_D_Glyceraldehyde_3_phosphate / kM_R19_D_Fructose_6_phosphate ) * ( D_Glyceraldehyde_3_phosphate / kM_R19_D_Glyceraldehyde_3_phosphate ) * ( D_Fructose_6_phosphate / kM_R19_D_Fructose_6_phosphate ) ) / ( ( 1 + D_Erythrose_4_phosphate / kM_R19_D_Erythrose_4_phosphate ) * ( 1 + D_Xylulose_5_phosphate / kM_R19_D_Xylulose_5_phosphate ) + ( 1 + D_Glyceraldehyde_3_phosphate / kM_R19_D_Glyceraldehyde_3_phosphate ) * ( 1 + D_Fructose_6_phosphate / kM_R19_D_Fructose_6_phosphate ) - 1 )
FBP_R00762	D_Fructose_1_6_bisphosphate <=> Orthophosphate + D_Fructose_6_phosphate	FBP_R00762	fbp	R00762	True	FBP	Common saturable (CM)	u_R20 * ( kC_R20 * sqrt( kEQ_R20  * kM_R20_D_Fructose_1_6_bisphosphate / kM_R20_Orthophosphate / kM_R20_D_Fructose_6_phosphate ) * ( D_Fructose_1_6_bisphosphate / kM_R20_D_Fructose_1_6_bisphosphate ) - kC_R20 / sqrt( kEQ_R20  * kM_R20_D_Fructose_1_6_bisphosphate / kM_R20_Orthophosphate / kM_R20_D_Fructose_6_phosphate ) * ( Orthophosphate / kM_R20_Orthophosphate ) * ( D_Fructose_6_phosphate / kM_R20_D_Fructose_6_phosphate ) ) / ( ( 1 + D_Fructose_1_6_bisphosphate / kM_R20_D_Fructose_1_6_bisphosphate ) + ( 1 + Orthophosphate / kM_R20_Orthophosphate ) * ( 1 + D_Fructose_6_phosphate / kM_R20_D_Fructose_6_phosphate ) - 1 )
CSN_R00351	Acetyl_CoA + Oxaloacetate <=> CoA + Citrate	CSN_R00351	csn	R00351	True	CSN	Common saturable (CM)	u_R21 * ( kC_R21 * sqrt( kEQ_R21  * kM_R21_Acetyl_CoA * kM_R21_Oxaloacetate / kM_R21_CoA / kM_R21_Citrate ) * ( Acetyl_CoA / kM_R21_Acetyl_CoA ) * ( Oxaloacetate / kM_R21_Oxaloacetate ) - kC_R21 / sqrt( kEQ_R21  * kM_R21_Acetyl_CoA * kM_R21_Oxaloacetate / kM_R21_CoA / kM_R21_Citrate ) * ( CoA / kM_R21_CoA ) * ( Citrate / kM_R21_Citrate ) ) / ( ( 1 + Acetyl_CoA / kM_R21_Acetyl_CoA ) * ( 1 + Oxaloacetate / kM_R21_Oxaloacetate ) + ( 1 + CoA / kM_R21_CoA ) * ( 1 + Citrate / kM_R21_Citrate ) - 1 )
ACN_R01325	Citrate <=> cis_Aconitate	ACN_R01325	acn1	R01325	True	ACN1	Common saturable (CM)	u_R22 * ( kC_R22 * sqrt( kEQ_R22  * kM_R22_Citrate / kM_R22_cis_Aconitate ) * ( Citrate / kM_R22_Citrate ) - kC_R22 / sqrt( kEQ_R22  * kM_R22_Citrate / kM_R22_cis_Aconitate ) * ( cis_Aconitate / kM_R22_cis_Aconitate ) ) / ( ( 1 + Citrate / kM_R22_Citrate ) + ( 1 + cis_Aconitate / kM_R22_cis_Aconitate ) - 1 )
ACN_R01900	cis_Aconitate <=> Isocitrate	ACN_R01900	acn2	R01900	True	ACN2	Common saturable (CM)	u_R23 * ( kC_R23 * sqrt( kEQ_R23  * kM_R23_cis_Aconitate / kM_R23_Isocitrate ) * ( cis_Aconitate / kM_R23_cis_Aconitate ) - kC_R23 / sqrt( kEQ_R23  * kM_R23_cis_Aconitate / kM_R23_Isocitrate ) * ( Isocitrate / kM_R23_Isocitrate ) ) / ( ( 1 + cis_Aconitate / kM_R23_cis_Aconitate ) + ( 1 + Isocitrate / kM_R23_Isocitrate ) - 1 )
ICD_R00709	NADplus + Isocitrate <=> NADH + _2_Oxoglutarate + CO2	ICD_R00709	icd	R00709	True	ICD	Common saturable (CM)	u_R24 * ( kC_R24 * sqrt( kEQ_R24  * kM_R24_NADplus * kM_R24_Isocitrate / kM_R24_NADH / kM_R24__2_Oxoglutarate / kM_R24_CO2 ) * ( NADplus / kM_R24_NADplus ) * ( Isocitrate / kM_R24_Isocitrate ) - kC_R24 / sqrt( kEQ_R24  * kM_R24_NADplus * kM_R24_Isocitrate / kM_R24_NADH / kM_R24__2_Oxoglutarate / kM_R24_CO2 ) * ( NADH / kM_R24_NADH ) * ( _2_Oxoglutarate / kM_R24__2_Oxoglutarate ) * ( CO2 / kM_R24_CO2 ) ) / ( ( 1 + NADplus / kM_R24_NADplus ) * ( 1 + Isocitrate / kM_R24_Isocitrate ) + ( 1 + NADH / kM_R24_NADH ) * ( 1 + _2_Oxoglutarate / kM_R24__2_Oxoglutarate ) * ( 1 + CO2 / kM_R24_CO2 ) - 1 )
KGD_R08549	NADplus + _2_Oxoglutarate + CoA <=> NADH + CO2 + Succinyl_CoA	KGD_R08549	kgd	R08549	True	KGD	Common saturable (CM)	u_R25 * ( kC_R25 * sqrt( kEQ_R25  * kM_R25_NADplus * kM_R25__2_Oxoglutarate * kM_R25_CoA / kM_R25_NADH / kM_R25_CO2 / kM_R25_Succinyl_CoA ) * ( NADplus / kM_R25_NADplus ) * ( _2_Oxoglutarate / kM_R25__2_Oxoglutarate ) * ( CoA / kM_R25_CoA ) - kC_R25 / sqrt( kEQ_R25  * kM_R25_NADplus * kM_R25__2_Oxoglutarate * kM_R25_CoA / kM_R25_NADH / kM_R25_CO2 / kM_R25_Succinyl_CoA ) * ( NADH / kM_R25_NADH ) * ( CO2 / kM_R25_CO2 ) * ( Succinyl_CoA / kM_R25_Succinyl_CoA ) ) / ( ( 1 + NADplus / kM_R25_NADplus ) * ( 1 + _2_Oxoglutarate / kM_R25__2_Oxoglutarate ) * ( 1 + CoA / kM_R25_CoA ) + ( 1 + NADH / kM_R25_NADH ) * ( 1 + CO2 / kM_R25_CO2 ) * ( 1 + Succinyl_CoA / kM_R25_Succinyl_CoA ) - 1 )
SCS_R00405	Orthophosphate + ADP + Succinyl_CoA <=> ATP + CoA + Succinate	SCS_R00405	scs	R00405	True	SCS	Common saturable (CM)	u_R26 * ( kC_R26 * sqrt( kEQ_R26  * kM_R26_Orthophosphate * kM_R26_ADP * kM_R26_Succinyl_CoA / kM_R26_ATP / kM_R26_CoA / kM_R26_Succinate ) * ( Orthophosphate / kM_R26_Orthophosphate ) * ( ADP / kM_R26_ADP ) * ( Succinyl_CoA / kM_R26_Succinyl_CoA ) - kC_R26 / sqrt( kEQ_R26  * kM_R26_Orthophosphate * kM_R26_ADP * kM_R26_Succinyl_CoA / kM_R26_ATP / kM_R26_CoA / kM_R26_Succinate ) * ( ATP / kM_R26_ATP ) * ( CoA / kM_R26_CoA ) * ( Succinate / kM_R26_Succinate ) ) / ( ( 1 + Orthophosphate / kM_R26_Orthophosphate ) * ( 1 + ADP / kM_R26_ADP ) * ( 1 + Succinyl_CoA / kM_R26_Succinyl_CoA ) + ( 1 + ATP / kM_R26_ATP ) * ( 1 + CoA / kM_R26_CoA ) * ( 1 + Succinate / kM_R26_Succinate ) - 1 )
SDH_R02164	Ubiquinone + Succinate <=> Fumarate + Ubiquinol	SDH_R02164	sdh	R02164	True	SDH	Common saturable (CM)	u_R27 * ( kC_R27 * sqrt( kEQ_R27  * kM_R27_Ubiquinone * kM_R27_Succinate / kM_R27_Fumarate / kM_R27_Ubiquinol ) * ( Ubiquinone / kM_R27_Ubiquinone ) * ( Succinate / kM_R27_Succinate ) - kC_R27 / sqrt( kEQ_R27  * kM_R27_Ubiquinone * kM_R27_Succinate / kM_R27_Fumarate / kM_R27_Ubiquinol ) * ( Fumarate / kM_R27_Fumarate ) * ( Ubiquinol / kM_R27_Ubiquinol ) ) / ( ( 1 + Ubiquinone / kM_R27_Ubiquinone ) * ( 1 + Succinate / kM_R27_Succinate ) + ( 1 + Fumarate / kM_R27_Fumarate ) * ( 1 + Ubiquinol / kM_R27_Ubiquinol ) - 1 )
FUM_R01082	Fumarate <=> _S__Malate	FUM_R01082	fum	R01082	True	FUM	Common saturable (CM)	u_R28 * ( kC_R28 * sqrt( kEQ_R28  * kM_R28_Fumarate / kM_R28__S__Malate ) * ( Fumarate / kM_R28_Fumarate ) - kC_R28 / sqrt( kEQ_R28  * kM_R28_Fumarate / kM_R28__S__Malate ) * ( _S__Malate / kM_R28__S__Malate ) ) / ( ( 1 + Fumarate / kM_R28_Fumarate ) + ( 1 + _S__Malate / kM_R28__S__Malate ) - 1 )
MDH_R00342	_S__Malate + NADplus <=> NADH + Oxaloacetate	MDH_R00342	mdh	R00342	True	MDH	Common saturable (CM)	u_R29 * ( kC_R29 * sqrt( kEQ_R29  * kM_R29__S__Malate * kM_R29_NADplus / kM_R29_NADH / kM_R29_Oxaloacetate ) * ( _S__Malate / kM_R29__S__Malate ) * ( NADplus / kM_R29_NADplus ) - kC_R29 / sqrt( kEQ_R29  * kM_R29__S__Malate * kM_R29_NADplus / kM_R29_NADH / kM_R29_Oxaloacetate ) * ( NADH / kM_R29_NADH ) * ( Oxaloacetate / kM_R29_Oxaloacetate ) ) / ( ( 1 + _S__Malate / kM_R29__S__Malate ) * ( 1 + NADplus / kM_R29_NADplus ) + ( 1 + NADH / kM_R29_NADH ) * ( 1 + Oxaloacetate / kM_R29_Oxaloacetate ) - 1 )
PPC_R00345	Orthophosphate + Oxaloacetate <=> CO2 + Phosphoenolpyruvate	PPC_R00345	ppc	R00345	True	PPC	Common saturable (CM)	u_R30 * ( kC_R30 * sqrt( kEQ_R30  * kM_R30_Orthophosphate * kM_R30_Oxaloacetate / kM_R30_CO2 / kM_R30_Phosphoenolpyruvate ) * ( Orthophosphate / kM_R30_Orthophosphate ) * ( Oxaloacetate / kM_R30_Oxaloacetate ) - kC_R30 / sqrt( kEQ_R30  * kM_R30_Orthophosphate * kM_R30_Oxaloacetate / kM_R30_CO2 / kM_R30_Phosphoenolpyruvate ) * ( CO2 / kM_R30_CO2 ) * ( Phosphoenolpyruvate / kM_R30_Phosphoenolpyruvate ) ) / ( ( 1 + Orthophosphate / kM_R30_Orthophosphate ) * ( 1 + Oxaloacetate / kM_R30_Oxaloacetate ) + ( 1 + CO2 / kM_R30_CO2 ) * ( 1 + Phosphoenolpyruvate / kM_R30_Phosphoenolpyruvate ) - 1 )
%								
!!SBtab Document='e_coli_davidi_2016' TableName='Compound' TableType='Compound' SBtabVersion='1.0' Date='2019-06-11'								
!ID	!Name	!NameForPlots	!Identifiers:kegg.compound	!IsConstant				
_S__Malate	(S)-Malate	(S)-Malate	C00149	False				
Acetyl_CoA	Acetyl-CoA	Acetyl-CoA	C00024	False				
Fumarate	Fumarate	Fumarate	C00122	False				
cis_Aconitate	cis-Aconitate	cis-Aconitate	C00417	False				
_6_Phospho_D_gluconate	6-Phospho-D-gluconate	6-Phospho-D-gluconate	C00345	False				
Orthophosphate	Orthophosphate	Orthophosphate	C00009	True				
Pyruvate	Pyruvate	Pyruvate	C00022	False				
NADPplus	NADP+	NADP+	C00006	True				
NADPH	NADPH	NADPH	C00005	True				
NADH	NADH	NADH	C00004	True				
NADplus	NAD+	NAD+	C00003	True				
ATP	ATP	ATP	C00002	True				
H2O	H2O	H2O	C00001	True				
_2_Oxoglutarate	2-Oxoglutarate	2-Oxoglutarate	C00026	False				
Oxaloacetate	Oxaloacetate	Oxaloacetate	C00036	True				
Ubiquinone	Ubiquinone	Ubiquinone	C00399	True				
D_Erythrose_4_phosphate	D-Erythrose 4-phosphate	D-Erythrose 4-phosphate	C00279	False				
Ubiquinol	Ubiquinol	Ubiquinol	C00390	True				
ADP	ADP	ADP	C00008	True				
Isocitrate	Isocitrate	Isocitrate	C00311	False				
D_Ribulose_5_phosphate	D-Ribulose 5-phosphate	D-Ribulose 5-phosphate	C00199	False				
D_Xylulose_5_phosphate	D-Xylulose 5-phosphate	D-Xylulose 5-phosphate	C00231	False				
D_Glucose_6_phosphate	D-Glucose 6-phosphate	D-Glucose 6-phosphate	C00092	False				
_3_Phospho_D_glyceroyl_phosphate	3-Phospho-D-glyceroyl phosphate	3-Phospho-D-glyceroyl phosphate	C00236	False				
CoA	CoA	CoA	C00010	False				
CO2	CO2	CO2	C00011	True				
D_Ribose_5_phosphate	D-Ribose 5-phosphate	D-Ribose 5-phosphate	C00117	False				
Glycerone_phosphate	Glycerone phosphate	Glycerone phosphate	C00111	False				
D_Glucose	D-Glucose	D-Glucose	C00031	True				
D_Fructose_1_6_bisphosphate	D-Fructose 1,6-bisphosphate	D-Fructose 1,6-bisphosphate	C00354	False				
D_Glyceraldehyde_3_phosphate	D-Glyceraldehyde 3-phosphate	D-Glyceraldehyde 3-phosphate	C00118	False				
Phosphoenolpyruvate	Phosphoenolpyruvate	Phosphoenolpyruvate	C00074	False				
Citrate	Citrate	Citrate	C00158	False				
Succinyl_CoA	Succinyl-CoA	Succinyl-CoA	C00091	False				
_3_Phospho_D_glycerate	3-Phospho-D-glycerate	3-Phospho-D-glycerate	C00197	False				
D_Glucono_1_5_lactone_6_phosphate	D-Glucono-1,5-lactone 6-phosphate	D-Glucono-1,5-lactone 6-phosphate	C01236	False				
D_Fructose_6_phosphate	D-Fructose 6-phosphate	D-Fructose 6-phosphate	C00085	False				
_2_Phospho_D_glycerate	2-Phospho-D-glycerate	2-Phospho-D-glycerate	C00631	False				
Succinate	Succinate	Succinate	C00042	False				
Sedoheptulose_7_phosphate	Sedoheptulose 7-phosphate	Sedoheptulose 7-phosphate	C05382	False				
%								
!!SBtab Document='e_coli_davidi_2016' TableName='Layout' TableType='Layout' SBtabVersion='1.0' Date='2019-06-11'								
!Element	!PositionX	!PositionY						
_S__Malate	0.32772	0.095058						
Acetyl_CoA	0.359426	0.22902						
Fumarate	0.362438	-0.001611						
cis_Aconitate	0.561709	0.210402						
_6_Phospho_D_gluconate	0.616335	0.956914						
Orthophosphate	0.056437	0.637639						
Pyruvate	0.352063	0.308997						
NADPplus	0.059533	0.388417						
NADPH	0.061081	0.44724						
NADH	0.059533	0.561789						
NADplus	0.057985	0.506062						
ATP	0.056437	0.698009						
H2O	0.448708	0.128361						
_2_Oxoglutarate	0.643751	0.055607						
Oxaloacetate	0.355831	0.176347						
Ubiquinone	0.331064	-0.009408						
D_Erythrose_4_phosphate	0.503642	0.870531						
Ubiquinol	0.317132	-0.032627						
ADP	0.054889	0.758379						
Isocitrate	0.637559	0.137648						
D_Ribulose_5_phosphate	0.668449	0.871147						
D_Xylulose_5_phosphate	0.60891	0.841377						
D_Glucose_6_phosphate	0.351859	0.965424						
_3_Phospho_D_glyceroyl_phosphate	0.352021	0.64203						
CoA	0.391786	0.278709						
CO2	0.544682	0.123717						
D_Ribose_5_phosphate	0.613611	0.76147						
Glycerone_phosphate	0.267748	0.745939						
D_Glucose	0.110615	0.965805						
D_Fructose_1_6_bisphosphate	0.351859	0.828211						
D_Glyceraldehyde_3_phosphate	0.352021	0.721029						
Phosphoenolpyruvate	0.352007	0.406884						
Citrate	0.445962	0.220921						
Succinyl_CoA	0.586477	-0.018695						
_3_Phospho_D_glycerate	0.352021	0.569228						
D_Glucono_1_5_lactone_6_phosphate	0.493599	0.982833						
D_Fructose_6_phosphate	0.351859	0.895258						
_2_Phospho_D_glycerate	0.352021	0.485582						
Succinate	0.465736	-0.051202						
Sedoheptulose_7_phosphate	0.574673	0.821603						
PTS_RPTSsy	0.181365	0.96522						
PGI_R02740	0.352063	0.923947						
PFK_R04779	0.333521	0.858996						
ALD_R01070	0.352021	0.790734						
TIM_R01015	0.297009	0.716584						
GAP_R01061	0.351954	0.683129						
PGK_R01512	0.352471	0.606396						
PGM_R01518	0.352021	0.524307						
PGH_R00658	0.352007	0.437823						
PYK_R00200	0.352063	0.353918						
PDH_R00209	0.352021	0.265625						
ZWF_R00835	0.428585	0.982833						
GLH_R02035	0.584929	0.973545						
PGD_R01528	0.651221	0.918706						
RPI_R01056	0.663749	0.80064						
RPE_R01529	0.637113	0.860179						
TXT_R01641	0.501711	0.735972						
TAL_R08575	0.566723	0.88656						
TXT_R01067	0.426938	0.837812						
FBP_R00762	0.372405	0.857241						
CSN_R00351	0.392982	0.198019						
ACN_R01325	0.505983	0.224334						
ACN_R01900	0.61434	0.176347						
ICD_R00709	0.645299	0.100497						
KGD_R08549	0.62208	0.016908						
SCS_R00405	0.535394	-0.037271						
SDH_R02164	0.402092	-0.03917						
FUM_R01082	0.340351	0.035483						
MDH_R00342	0.33416	0.140744						
PPC_R00345	0.40095304	0.50690003						
%								
!!SBtab Document='e_coli_davidi_2016' TableName='Parameter' TableType='Quantity' SBtabVersion='1.0' Date='2019-06-11'								
!QuantityType	!Reaction	!Compound	!Mode	!Unit	!Reaction:Identifiers:kegg.reaction	!Compound:Identifiers:kegg.compound		
equilibrium constant	PTS_RPTSsy		0.022157285	dimensionless	RPTSsy			
equilibrium constant	PGI_R02740		0.40044807	dimensionless	R02740			
equilibrium constant	PFK_R04779		1.200873	dimensionless	R04779			
equilibrium constant	ALD_R01070		0.24091017	dimensionless	R01070			
equilibrium constant	TIM_R01015		1.8907219	dimensionless	R01015			
equilibrium constant	GAP_R01061		0.48658939	dimensionless	R01061			
equilibrium constant	PGK_R01512		155.74062	dimensionless	R01512			
equilibrium constant	PGM_R01518		1.6317803	dimensionless	R01518			
equilibrium constant	PGH_R00658		0.5267426	dimensionless	R00658			
equilibrium constant	PYK_R00200		0.26786283	dimensionless	R00200			
equilibrium constant	PDH_R00209		309.49454	dimensionless	R00209			
equilibrium constant	ZWF_R00835		2.2462761	dimensionless	R00835			
equilibrium constant	GLH_R02035		4.467356	dimensionless	R02035			
equilibrium constant	PGD_R01528		18.014707	dimensionless	R01528			
equilibrium constant	RPI_R01056		1.2027559	dimensionless	R01056			
equilibrium constant	RPE_R01529		1.1016209	dimensionless	R01529			
equilibrium constant	TXT_R01641		3.1249221	dimensionless	R01641			
equilibrium constant	TAL_R08575		0.020178643	dimensionless	R08575			
equilibrium constant	TXT_R01067		7.7114673	dimensionless	R01067			
equilibrium constant	FBP_R00762		1.3811185	dimensionless	R00762			
equilibrium constant	CSN_R00351		0.58045133	dimensionless	R00351			
equilibrium constant	ACN_R01325		0.0030957669	dimensionless	R01325			
equilibrium constant	ACN_R01900		0.63659928	dimensionless	R01900			
equilibrium constant	ICD_R00709		0.25550232	dimensionless	R00709			
equilibrium constant	KGD_R08549		0.12646126	dimensionless	R08549			
equilibrium constant	SCS_R00405		16.01009	dimensionless	R00405			
equilibrium constant	SDH_R02164		0.79243923	dimensionless	R02164			
equilibrium constant	FUM_R01082		11.553352	dimensionless	R01082			
equilibrium constant	MDH_R00342		0.006185912	dimensionless	R00342			
equilibrium constant	PPC_R00345		0.24172556	dimensionless	R00345			
catalytic rate constant geometric mean	PTS_RPTSsy		4193.5935	1/s	RPTSsy			
catalytic rate constant geometric mean	PGI_R02740		198.04079	1/s	R02740			
catalytic rate constant geometric mean	PFK_R04779		1027.749	1/s	R04779			
catalytic rate constant geometric mean	ALD_R01070		625.28085	1/s	R01070			
catalytic rate constant geometric mean	TIM_R01015		1204.7703	1/s	R01015			
catalytic rate constant geometric mean	GAP_R01061		98.684915	1/s	R01061			
catalytic rate constant geometric mean	PGK_R01512		50.558651	1/s	R01512			
catalytic rate constant geometric mean	PGM_R01518		1136.0569	1/s	R01518			
catalytic rate constant geometric mean	PGH_R00658		3616.3643	1/s	R00658			
catalytic rate constant geometric mean	PYK_R00200		2644.1991	1/s	R00200			
catalytic rate constant geometric mean	PDH_R00209		208.35932	1/s	R00209			
catalytic rate constant geometric mean	ZWF_R00835		9915.9068	1/s	R00835			
catalytic rate constant geometric mean	GLH_R02035		4042.7454	1/s	R02035			
catalytic rate constant geometric mean	PGD_R01528		9871.8047	1/s	R01528			
catalytic rate constant geometric mean	RPI_R01056		459.49175	1/s	R01056			
catalytic rate constant geometric mean	RPE_R01529		820.88922	1/s	R01529			
catalytic rate constant geometric mean	TXT_R01641		638.24601	1/s	R01641			
catalytic rate constant geometric mean	TAL_R08575		1528.9363	1/s	R08575			
catalytic rate constant geometric mean	TXT_R01067		197.6509	1/s	R01067			
catalytic rate constant geometric mean	FBP_R00762		197.0812	1/s	R00762			
catalytic rate constant geometric mean	CSN_R00351		3825.3738	1/s	R00351			
catalytic rate constant geometric mean	ACN_R01325		9646.8411	1/s	R01325			
catalytic rate constant geometric mean	ACN_R01900		9470.2794	1/s	R01900			
catalytic rate constant geometric mean	ICD_R00709		392.22059	1/s	R00709			
catalytic rate constant geometric mean	KGD_R08549		259.6761	1/s	R08549			
catalytic rate constant geometric mean	SCS_R00405		279.44031	1/s	R00405			
catalytic rate constant geometric mean	SDH_R02164		261.51897	1/s	R02164			
catalytic rate constant geometric mean	FUM_R01082		1835.5775	1/s	R01082			
catalytic rate constant geometric mean	MDH_R00342		1394.5942	1/s	R00342			
catalytic rate constant geometric mean	PPC_R00345		1418.3718	1/s	R00345			
Michaelis constant	FUM_R01082	_S__Malate	0.17476693	mM	R01082	C00149		
Michaelis constant	MDH_R00342	_S__Malate	0.19036251	mM	R00342	C00149		
Michaelis constant	PDH_R00209	Acetyl_CoA	0.10204491	mM	R00209	C00024		
Michaelis constant	CSN_R00351	Acetyl_CoA	0.10793064	mM	R00351	C00024		
Michaelis constant	SDH_R02164	Fumarate	0.094989536	mM	R02164	C00122		
Michaelis constant	FUM_R01082	Fumarate	0.053334289	mM	R01082	C00122		
Michaelis constant	ACN_R01325	cis_Aconitate	0.015628596	mM	R01325	C00417		
Michaelis constant	ACN_R01900	cis_Aconitate	0.049308736	mM	R01900	C00417		
Michaelis constant	GLH_R02035	_6_Phospho_D_gluconate	0.13963928	mM	R02035	C00345		
Michaelis constant	PGD_R01528	_6_Phospho_D_gluconate	0.047009899	mM	R01528	C00345		
Michaelis constant	GAP_R01061	Orthophosphate	0.044501516	mM	R01061	C00009		
Michaelis constant	FBP_R00762	Orthophosphate	0.099634845	mM	R00762	C00009		
Michaelis constant	SCS_R00405	Orthophosphate	0.089502423	mM	R00405	C00009		
Michaelis constant	PPC_R00345	Orthophosphate	0.13157709	mM	R00345	C00009		
Michaelis constant	PTS_RPTSsy	Pyruvate	0.036896862	mM	RPTSsy	C00022		
Michaelis constant	PYK_R00200	Pyruvate	0.047801341	mM	R00200	C00022		
Michaelis constant	PDH_R00209	Pyruvate	0.097809178	mM	R00209	C00022		
Michaelis constant	ZWF_R00835	NADPplus	0.003524941	mM	R00835	C00006		
Michaelis constant	PGD_R01528	NADPplus	0.0055039241	mM	R01528	C00006		
Michaelis constant	ZWF_R00835	NADPH	0.0082386135	mM	R00835	C00005		
Michaelis constant	PGD_R01528	NADPH	0.013772451	mM	R01528	C00005		
Michaelis constant	GAP_R01061	NADH	0.14237309	mM	R01061	C00004		
Michaelis constant	PDH_R00209	NADH	0.099815489	mM	R00209	C00004		
Michaelis constant	ICD_R00709	NADH	0.084447954	mM	R00709	C00004		
Michaelis constant	KGD_R08549	NADH	0.088315478	mM	R08549	C00004		
Michaelis constant	MDH_R00342	NADH	0.044791249	mM	R00342	C00004		
Michaelis constant	GAP_R01061	NADplus	0.088294856	mM	R01061	C00003		
Michaelis constant	PDH_R00209	NADplus	0.097930403	mM	R00209	C00003		
Michaelis constant	ICD_R00709	NADplus	0.099224164	mM	R00709	C00003		
Michaelis constant	KGD_R08549	NADplus	0.1114948	mM	R08549	C00003		
Michaelis constant	MDH_R00342	NADplus	0.1892932	mM	R00342	C00003		
Michaelis constant	PFK_R04779	ATP	0.096570575	mM	R04779	C00002		
Michaelis constant	PGK_R01512	ATP	0.054957211	mM	R01512	C00002		
Michaelis constant	PYK_R00200	ATP	0.090628008	mM	R00200	C00002		
Michaelis constant	SCS_R00405	ATP	0.11002944	mM	R00405	C00002		
Michaelis constant	ICD_R00709	_2_Oxoglutarate	0.0945711	mM	R00709	C00026		
Michaelis constant	KGD_R08549	_2_Oxoglutarate	0.10720219	mM	R08549	C00026		
Michaelis constant	CSN_R00351	Oxaloacetate	0.075486717	mM	R00351	C00036		
Michaelis constant	MDH_R00342	Oxaloacetate	0.052136178	mM	R00342	C00036		
Michaelis constant	PPC_R00345	Oxaloacetate	0.08419265	mM	R00345	C00036		
Michaelis constant	SDH_R02164	Ubiquinone	0.10200263	mM	R02164	C00399		
Michaelis constant	TAL_R08575	D_Erythrose_4_phosphate	0.049940605	mM	R08575	C00279		
Michaelis constant	TXT_R01067	D_Erythrose_4_phosphate	0.100209	mM	R01067	C00279		
Michaelis constant	SDH_R02164	Ubiquinol	0.095763658	mM	R02164	C00390		
Michaelis constant	PFK_R04779	ADP	0.091900655	mM	R04779	C00008		
Michaelis constant	PGK_R01512	ADP	0.18266205	mM	R01512	C00008		
Michaelis constant	PYK_R00200	ADP	0.085753697	mM	R00200	C00008		
Michaelis constant	SCS_R00405	ADP	0.088598892	mM	R00405	C00008		
Michaelis constant	ACN_R01900	Isocitrate	0.037917446	mM	R01900	C00311		
Michaelis constant	ICD_R00709	Isocitrate	0.075184496	mM	R00709	C00311		
Michaelis constant	PGD_R01528	D_Ribulose_5_phosphate	0.12891942	mM	R01528	C00199		
Michaelis constant	RPI_R01056	D_Ribulose_5_phosphate	0.09570886	mM	R01056	C00199		
Michaelis constant	RPE_R01529	D_Ribulose_5_phosphate	0.094790992	mM	R01529	C00199		
Michaelis constant	RPE_R01529	D_Xylulose_5_phosphate	0.097840091	mM	R01529	C00231		
Michaelis constant	TXT_R01641	D_Xylulose_5_phosphate	0.083080596	mM	R01641	C00231		
Michaelis constant	TXT_R01067	D_Xylulose_5_phosphate	0.10012219	mM	R01067	C00231		
Michaelis constant	PTS_RPTSsy	D_Glucose_6_phosphate	0.055624288	mM	RPTSsy	C00092		
Michaelis constant	PGI_R02740	D_Glucose_6_phosphate	0.09968194	mM	R02740	C00092		
Michaelis constant	ZWF_R00835	D_Glucose_6_phosphate	0.28339064	mM	R00835	C00092		
Michaelis constant	GAP_R01061	_3_Phospho_D_glyceroyl_phosphate	0.14268787	mM	R01061	C00236		
Michaelis constant	PGK_R01512	_3_Phospho_D_glyceroyl_phosphate	0.18514251	mM	R01512	C00236		
Michaelis constant	PDH_R00209	CoA	0.097689923	mM	R00209	C00010		
Michaelis constant	CSN_R00351	CoA	0.062088907	mM	R00351	C00010		
Michaelis constant	KGD_R08549	CoA	0.10234658	mM	R08549	C00010		
Michaelis constant	SCS_R00405	CoA	0.10518195	mM	R00405	C00010		
Michaelis constant	PDH_R00209	CO2	0.1004966	mM	R00209	C00011		
Michaelis constant	PGD_R01528	CO2	0.0990959	mM	R01528	C00011		
Michaelis constant	ICD_R00709	CO2	0.089453686	mM	R00709	C00011		
Michaelis constant	KGD_R08549	CO2	0.088646822	mM	R08549	C00011		
Michaelis constant	PPC_R00345	CO2	0.062242947	mM	R00345	C00011		
Michaelis constant	RPI_R01056	D_Ribose_5_phosphate	0.10042006	mM	R01056	C00117		
Michaelis constant	TXT_R01641	D_Ribose_5_phosphate	0.083287413	mM	R01641	C00117		
Michaelis constant	ALD_R01070	Glycerone_phosphate	0.10701484	mM	R01070	C00111		
Michaelis constant	TIM_R01015	Glycerone_phosphate	0.081945842	mM	R01015	C00111		
Michaelis constant	PTS_RPTSsy	D_Glucose	0.17183527	mM	RPTSsy	C00031		
Michaelis constant	PFK_R04779	D_Fructose_1_6_bisphosphate	0.10064769	mM	R04779	C00354		
Michaelis constant	ALD_R01070	D_Fructose_1_6_bisphosphate	0.081260937	mM	R01070	C00354		
Michaelis constant	FBP_R00762	D_Fructose_1_6_bisphosphate	0.10039278	mM	R00762	C00354		
Michaelis constant	ALD_R01070	D_Glyceraldehyde_3_phosphate	0.11292294	mM	R01070	C00118		
Michaelis constant	TIM_R01015	D_Glyceraldehyde_3_phosphate	0.10884598	mM	R01015	C00118		
Michaelis constant	GAP_R01061	D_Glyceraldehyde_3_phosphate	0.042796214	mM	R01061	C00118		
Michaelis constant	TXT_R01641	D_Glyceraldehyde_3_phosphate	0.10837956	mM	R01641	C00118		
Michaelis constant	TAL_R08575	D_Glyceraldehyde_3_phosphate	0.15106207	mM	R08575	C00118		
Michaelis constant	TXT_R01067	D_Glyceraldehyde_3_phosphate	0.099917106	mM	R01067	C00118		
Michaelis constant	PTS_RPTSsy	Phosphoenolpyruvate	0.15086828	mM	RPTSsy	C00074		
Michaelis constant	PGH_R00658	Phosphoenolpyruvate	0.080629331	mM	R00658	C00074		
Michaelis constant	PYK_R00200	Phosphoenolpyruvate	0.099283817	mM	R00200	C00074		
Michaelis constant	PPC_R00345	Phosphoenolpyruvate	0.069757488	mM	R00345	C00074		
Michaelis constant	CSN_R00351	Citrate	0.089752991	mM	R00351	C00158		
Michaelis constant	ACN_R01325	Citrate	0.54506783	mM	R01325	C00158		
Michaelis constant	KGD_R08549	Succinyl_CoA	0.0887383	mM	R08549	C00091		
Michaelis constant	SCS_R00405	Succinyl_CoA	0.089057526	mM	R00405	C00091		
Michaelis constant	PGK_R01512	_3_Phospho_D_glycerate	0.073888657	mM	R01512	C00197		
Michaelis constant	PGM_R01518	_3_Phospho_D_glycerate	0.088905731	mM	R01518	C00197		
Michaelis constant	ZWF_R00835	D_Glucono_1_5_lactone_6_phosphate	0.028729521	mM	R00835	C01236		
Michaelis constant	GLH_R02035	D_Glucono_1_5_lactone_6_phosphate	0.059048853	mM	R02035	C01236		
Michaelis constant	PGI_R02740	D_Fructose_6_phosphate	0.10030268	mM	R02740	C00085		
Michaelis constant	PFK_R04779	D_Fructose_6_phosphate	0.087061333	mM	R04779	C00085		
Michaelis constant	TAL_R08575	D_Fructose_6_phosphate	0.050603556	mM	R08575	C00085		
Michaelis constant	TXT_R01067	D_Fructose_6_phosphate	0.10000417	mM	R01067	C00085		
Michaelis constant	FBP_R00762	D_Fructose_6_phosphate	0.099818182	mM	R00762	C00085		
Michaelis constant	PGM_R01518	_2_Phospho_D_glycerate	0.10986681	mM	R01518	C00631		
Michaelis constant	PGH_R00658	_2_Phospho_D_glycerate	0.1181691	mM	R00658	C00631		
Michaelis constant	SCS_R00405	Succinate	0.10806016	mM	R00405	C00042		
Michaelis constant	SDH_R02164	Succinate	0.10194907	mM	R02164	C00042		
Michaelis constant	TXT_R01641	Sedoheptulose_7_phosphate	0.11336003	mM	R01641	C05382		
Michaelis constant	TAL_R08575	Sedoheptulose_7_phosphate	0.17174739	mM	R08575	C05382		
substrate catalytic rate constant	PTS_RPTSsy		2218.5682	1/s	RPTSsy			
substrate catalytic rate constant	PGI_R02740		124.93373	1/s	R02740			
substrate catalytic rate constant	PFK_R04779		1073.7655	1/s	R04779			
substrate catalytic rate constant	ALD_R01070		795.8487	1/s	R01070			
substrate catalytic rate constant	TIM_R01015		1437.3924	1/s	R01015			
substrate catalytic rate constant	GAP_R01061		6.2629998	1/s	R01061			
substrate catalytic rate constant	PGK_R01512		1820.8428	1/s	R01512			
substrate catalytic rate constant	PGM_R01518		1305.457	1/s	R01518			
substrate catalytic rate constant	PGH_R00658		3177.4362	1/s	R00658			
substrate catalytic rate constant	PYK_R00200		1918.5131	1/s	R00200			
substrate catalytic rate constant	PDH_R00209		3504.6331	1/s	R00209			
substrate catalytic rate constant	ZWF_R00835		30531.028	1/s	R00835			
substrate catalytic rate constant	GLH_R02035		5556.5291	1/s	R02035			
substrate catalytic rate constant	PGD_R01528		50809.906	1/s	R01528			
substrate catalytic rate constant	RPI_R01056		491.96284	1/s	R01056			
substrate catalytic rate constant	RPE_R01529		848.05837	1/s	R01529			
substrate catalytic rate constant	TXT_R01641		846.72721	1/s	R01641			
substrate catalytic rate constant	TAL_R08575		695.89023	1/s	R08575			
substrate catalytic rate constant	TXT_R01067		549.99263	1/s	R01067			
substrate catalytic rate constant	FBP_R00762		735.87062	1/s	R00762			
substrate catalytic rate constant	CSN_R00351		3523.9761	1/s	R00351			
substrate catalytic rate constant	ACN_R01325		3169.8196	1/s	R01325			
substrate catalytic rate constant	ACN_R01900		8616.6462	1/s	R01900			
substrate catalytic rate constant	ICD_R00709		640.66024	1/s	R00709			
substrate catalytic rate constant	KGD_R08549		122.53806	1/s	R08549			
substrate catalytic rate constant	SCS_R00405		840.22372	1/s	R00405			
substrate catalytic rate constant	SDH_R02164		248.91167	1/s	R02164			
substrate catalytic rate constant	FUM_R01082		3446.6752	1/s	R01082			
substrate catalytic rate constant	MDH_R00342		430.86554	1/s	R00342			
substrate catalytic rate constant	PPC_R00345		1113.8793	1/s	R00345			
product catalytic rate constant	PTS_RPTSsy		7926.836	1/s	RPTSsy			
product catalytic rate constant	PGI_R02740		313.92765	1/s	R02740			
product catalytic rate constant	PFK_R04779		983.70449	1/s	R04779			
product catalytic rate constant	ALD_R01070		491.26943	1/s	R01070			
product catalytic rate constant	TIM_R01015		1009.7949	1/s	R01015			
product catalytic rate constant	GAP_R01061		1554.9597	1/s	R01061			
product catalytic rate constant	PGK_R01512		1.4038429	1/s	R01512			
product catalytic rate constant	PGM_R01518		988.63873	1/s	R01518			
product catalytic rate constant	PGH_R00658		4115.9255	1/s	R00658			
product catalytic rate constant	PYK_R00200		3644.3789	1/s	R00200			
product catalytic rate constant	PDH_R00209		12.38749	1/s	R00209			
product catalytic rate constant	ZWF_R00835		3220.5011	1/s	R00835			
product catalytic rate constant	GLH_R02035		2941.3668	1/s	R02035			
product catalytic rate constant	PGD_R01528		1917.9829	1/s	R01528			
product catalytic rate constant	RPI_R01056		429.16385	1/s	R01056			
product catalytic rate constant	RPE_R01529		794.59049	1/s	R01529			
product catalytic rate constant	TXT_R01641		481.09705	1/s	R01641			
product catalytic rate constant	TAL_R08575		3359.2168	1/s	R08575			
product catalytic rate constant	TXT_R01067		71.029822	1/s	R01067			
product catalytic rate constant	FBP_R00762		52.782376	1/s	R00762			
product catalytic rate constant	CSN_R00351		4152.5492	1/s	R00351			
product catalytic rate constant	ACN_R01325		29358.625	1/s	R01325			
product catalytic rate constant	ACN_R01900		10408.48	1/s	R01900			
product catalytic rate constant	ICD_R00709		240.12258	1/s	R00709			
product catalytic rate constant	KGD_R08549		550.29172	1/s	R08549			
product catalytic rate constant	SCS_R00405		92.935826	1/s	R00405			
product catalytic rate constant	SDH_R02164		274.76483	1/s	R02164			
product catalytic rate constant	FUM_R01082		977.56379	1/s	R01082			
product catalytic rate constant	MDH_R00342		4513.9209	1/s	R00342			
product catalytic rate constant	PPC_R00345		1806.1011	1/s	R00345			
protein molecular mass	PTS_RPTSsy		255848	Da	RPTSsy			
protein molecular mass	PGI_R02740		61530	Da	R02740			
protein molecular mass	PFK_R04779		139360	Da	R04779			
protein molecular mass	ALD_R01070		39147	Da	R01070			
protein molecular mass	TIM_R01015		53940	Da	R01015			
protein molecular mass	GAP_R01061		35530	Da	R01061			
protein molecular mass	PGK_R01512		41120	Da	R01512			
protein molecular mass	PGM_R01518		28556	Da	R01518			
protein molecular mass	PGH_R00658		45650	Da	R00658			
protein molecular mass	PYK_R00200		50000	Da	R00200			
protein molecular mass	PDH_R00209		282880	Da	R00209			
protein molecular mass	ZWF_R00835		55700	Da	R00835			
protein molecular mass	GLH_R02035		36310	Da	R02035			
protein molecular mass	PGD_R01528		102960	Da	R01528			
protein molecular mass	RPI_R01056		19466	Da	R01056			
protein molecular mass	RPE_R01529		24554	Da	R01529			
protein molecular mass	TXT_R01641		73043	Da	R01641			
protein molecular mass	TAL_R08575		35219	Da	R08575			
protein molecular mass	TXT_R01067		73043	Da	R01067			
protein molecular mass	FBP_R00762		36834	Da	R00762			
protein molecular mass	CSN_R00351		96020	Da	R00351			
protein molecular mass	ACN_R01325		95588	Da	R01325			
protein molecular mass	ACN_R01900		95588	Da	R01900			
protein molecular mass	ICD_R00709		45760	Da	R00709			
protein molecular mass	KGD_R08549		1209180	Da	R08549			
protein molecular mass	SCS_R00405		71170	Da	R00405			
protein molecular mass	SDH_R02164		792299	Da	R02164			
protein molecular mass	FUM_R01082		60000	Da	R01082			
protein molecular mass	MDH_R00342		32337	Da	R00342			
protein molecular mass	PPC_R00345		198120	Da	R00345			
molecular mass		_S__Malate	134	Da		C00149		
molecular mass		Acetyl_CoA	810	Da		C00024		
molecular mass		Fumarate	116	Da		C00122		
molecular mass		cis_Aconitate	174	Da		C00417		
molecular mass		_6_Phospho_D_gluconate	276	Da		C00345		
molecular mass		Orthophosphate	98	Da		C00009		
molecular mass		Pyruvate	88	Da		C00022		
molecular mass		NADPplus	744	Da		C00006		
molecular mass		NADPH	745	Da		C00005		
molecular mass		NADH	665	Da		C00004		
molecular mass		NADplus	664	Da		C00003		
molecular mass		ATP	507	Da		C00002		
molecular mass		H2O	NaN	Da		C00001		
molecular mass		_2_Oxoglutarate	146	Da		C00026		
molecular mass		Oxaloacetate	132	Da		C00036		
molecular mass		Ubiquinone	318	Da		C00399		
molecular mass		D_Erythrose_4_phosphate	200	Da		C00279		
molecular mass		Ubiquinol	320	Da		C00390		
molecular mass		ADP	427	Da		C00008		
molecular mass		Isocitrate	192	Da		C00311		
molecular mass		D_Ribulose_5_phosphate	230	Da		C00199		
molecular mass		D_Xylulose_5_phosphate	230	Da		C00231		
molecular mass		D_Glucose_6_phosphate	260	Da		C00092		
molecular mass		_3_Phospho_D_glyceroyl_phosphate	266	Da		C00236		
molecular mass		CoA	768	Da		C00010		
molecular mass		CO2	44	Da		C00011		
molecular mass		D_Ribose_5_phosphate	230	Da		C00117		
molecular mass		Glycerone_phosphate	170	Da		C00111		
molecular mass		D_Glucose	180	Da		C00031		
molecular mass		D_Fructose_1_6_bisphosphate	340	Da		C00354		
molecular mass		D_Glyceraldehyde_3_phosphate	170	Da		C00118		
molecular mass		Phosphoenolpyruvate	168	Da		C00074		
molecular mass		Citrate	192	Da		C00158		
molecular mass		Succinyl_CoA	868	Da		C00091		
molecular mass		_3_Phospho_D_glycerate	186	Da		C00197		
molecular mass		D_Glucono_1_5_lactone_6_phosphate	258	Da		C01236		
molecular mass		D_Fructose_6_phosphate	260	Da		C00085		
molecular mass		_2_Phospho_D_glycerate	186	Da		C00631		
molecular mass		Succinate	118	Da		C00042		
molecular mass		Sedoheptulose_7_phosphate	290	Da		C05382		
